1,Jackelyn,Minchindon,29,Bigender
2,Josefina,Boxen,37,Bigender
3,Genia,Petera,30,Male
4,Paola,Byer,47,Female
5,Basile,Siebart,20,Male
6,Benoit,Silverman,29,Male
7,Magda,Heading,52,Male
8,Elena,Shulem,18,Male
9,Tiff,Fruchon,37,Male
10,Elmo,Kersey,53,Female
11,Brier,Ivanovic,33,Female
12,Whitby,Duly,31,Male
13,Giuditta,Fishburn,50,Bigender
14,Diana,Yurkiewicz,48,Male
15,Nonnah,Dunwoody,31,Male
16,Jacki,Moatt,56,Female
17,Law,Frigout,26,Female
18,Brannon,Yven,22,Male
19,Luise,Standell,34,Male
20,Kacie,Looney,20,Female
21,Flo,Rainer,58,Male
22,Cosetta,Steddall,45,Female
23,Zabrina,Gramer,29,Male
24,Clare,Pischel,24,Bigender
25,Shalna,Carty,43,Female
26,Salomon,Priter,60,Male
27,Gordie,Thewlis,19,Female
28,Marijo,Mayow,60,Male
29,Ned,Sowray,52,Male
30,Beckie,Dameisele,40,Male
31,Darryl,Chavez,20,Female
32,Davy,Rozanski,24,Female
33,Rosaleen,Spuffard,25,Female
34,Betty,Hofer,42,Bigender
35,Sidney,McGaraghan,49,Bigender
36,Marcile,Gower,44,Bigender
37,Natassia,Tookill,39,Male
38,Libby,Pithcock,35,Male
39,Angelique,Mountjoy,34,Female
40,Muffin,Ledster,25,Male
41,Lanie,Scarlan,54,Male
42,Rosalia,Dietsche,55,Bigender
43,Way,Lawrenz,35,Female
44,Jessalyn,Dowey,36,Male
45,Sherri,Walters,56,Male
46,Wilmette,Punter,49,Male
47,Celina,Barcke,58,Female
48,Olivie,Cleare,34,Male
49,Dulce,Afield,31,Male
50,Domini,Judron,20,Bigender
51,Durand,Carty,60,Female
52,Damara,Abrams,53,Female
53,Tomasine,Frearson,55,Male
54,Wendell,Jermey,59,Male
55,Hayward,Lobbe,39,Male
56,Ailene,Handes,18,Male
57,Bertha,Verden,18,Male
58,Zelma,Pering,52,Male
59,Zacharias,Abbe,57,Female
60,Kit,Kraft,57,Male
61,Teirtza,Dradey,35,Male
62,Melicent,Delamere,43,Male
63,Basile,Loveard,22,Bigender
64,Xymenes,Scandroot,25,Male
65,Shawn,Yepiskov,48,Female
66,Almira,Rao,50,Male
67,Dacie,Cayser,18,Male
68,Denny,Saffill,34,Female
69,Catlee,Scolding,31,Male
70,Sayres,Trusdale,40,Male
71,Zachery,Wrintmore,43,Male
72,Brett,Ambrosini,46,Female
73,Fair,Barens,36,Male
74,Fulton,Watterson,33,Male
75,Armando,Vyvyan,31,Male
76,Ravi,Curthoys,20,Bigender
77,Ainsley,Ivashechkin,41,Male
78,Bennett,McGinnis,54,Male
79,Gale,Cuskery,38,Female
80,Berkie,Ding,50,Female
81,Christophe,Pringle,32,Female
82,Susana,Croall,32,Female
83,Bobette,List,27,Female
84,Gale,Lambillion,18,Female
85,Godfrey,Donisthorpe,24,Female
86,Tiphanie,McLenaghan,43,Female
87,Kelsey,Lavigne,38,Male
88,Ivett,Mapston,32,Male
89,Harmon,Geerdts,26,Male
90,Barr,Lefort,48,Female
91,Georgetta,Marcinkus,31,Male
92,Vincenty,Potapczuk,54,Bigender
93,Quentin,Taft,50,Male
94,Alvy,Doick,35,Male
95,Zack,Vint,46,Male
96,Cameron,Jewes,23,Male
97,Klement,Danielsson,55,Female
98,Melodee,Vatcher,23,Male
99,Giffard,Baggalley,55,Male
100,Kermy,Scathard,36,Female
101,Dorree,Carne,26,Female
102,Rafe,Earney,26,Male
103,Bearnard,Arrighetti,29,Male
104,Lezlie,Shimwell,38,Female
105,Marguerite,Karczinski,59,Female
106,Darcee,Instone,43,Male
107,Vinson,Hempel,50,Female
108,Evin,Johananoff,41,Male
109,Germaine,Goldson,37,Female
110,Correy,Kryszkiecicz,56,Female
111,Janel,Happs,58,Male
112,Nara,Drew-Clifton,32,Bigender
113,Elane,Sulter,20,Female
114,Zacharie,O'Hare,42,Female
115,Fanya,Gowlett,22,Female
116,Michal,Canelas,40,Male
117,Nathanil,McCloud,43,Male
118,Hewet,Filipchikov,40,Female
119,Christean,Manuel,58,Female
120,Donny,Simo,45,Male
121,Ken,Jurges,51,Bigender
122,Juliette,Polendine,58,Male
123,Rolando,McPeice,57,Male
124,Vonni,Coldbathe,35,Male
125,Giorgia,Stoner,25,Female
126,Dulcea,Ramas,23,Male
127,Jojo,Blueman,30,Male
128,Pammy,Warlawe,32,Female
129,Tarah,Whitmell,53,Female
130,Jennifer,Blowing,58,Female
131,Zaneta,Meaney,48,Male
132,Jase,Feake,26,Male
133,Wolfie,Rebanks,29,Male
134,Willem,Leetham,28,Male
135,Gabi,Cordner,24,Male
136,Star,Bettesworth,37,Female
137,Bendicty,Tolossi,27,Female
138,Currie,Decayette,57,Female
139,Giffy,Pullan,36,Male
140,Jocelyn,Gallardo,31,Male
141,Ewart,Blount,55,Male
142,Itch,Paterno,56,Female
143,Fernanda,Hackworth,38,Male
144,Meggy,Ebbutt,44,Female
145,Kaspar,Fotitt,36,Bigender
146,Frances,Winship,37,Male
147,Ignacio,Radoux,41,Female
148,Erl,Summerfield,50,Bigender
149,Clare,Hayler,18,Male
150,Skip,O'Currine,35,Female
151,Rance,Huckfield,27,Male
152,Brinna,Shillaker,38,Male
153,Fayth,Pennick,26,Female
154,Egor,Dowell,39,Male
155,Matt,Dallender,30,Male
156,Malcolm,Nickoles,44,Bigender
157,Verine,Gobourn,41,Male
158,Elroy,Grosier,27,Male
159,Isador,Peiro,36,Female
160,Kaye,Culley,51,Female
161,Ardath,Damsell,49,Male
162,Griffin,Roloff,35,Female
163,Tanya,McAllaster,40,Male
164,Klarika,Peile,21,Male
165,Leighton,Banbrick,50,Bigender
166,Arne,Gissop,43,Female
167,Daniele,Hollebon,19,Female
168,Jaclyn,MacGinley,50,Bigender
169,Carlin,Bennough,37,Male
170,Stacie,Shoesmith,28,Bigender
171,Thorndike,Athridge,58,Male
172,Rey,Tuerena,22,Male
173,Colin,Hallt,23,Female
174,Nita,Albarez,36,Female
175,Adamo,McIvor,33,Bigender
176,Korella,Dunbobin,42,Female
177,Alexine,Baise,47,Bigender
178,Roda,Bengoechea,30,Male
179,Rhetta,Rosenthaler,46,Female
180,Kial,McGivena,54,Male
181,Eliot,Treanor,48,Female
182,Adria,Kerslake,52,Male
183,Fredric,Swindells,43,Male
184,Bridie,Fellnee,25,Male
185,Allyn,Dudin,27,Female
186,Amii,Fildery,55,Male
187,Ches,Skinn,37,Male
188,Calv,Karpets,39,Male
189,Corbett,Neild,24,Female
190,Pall,Callen,52,Female
191,Jacquelyn,Silman,22,Female
192,Sibilla,Rauprich,49,Bigender
193,Donia,Cutridge,23,Male
194,Ursala,Hitschke,25,Female
195,Agna,Scemp,41,Female
196,Noni,Brookhouse,60,Male
197,Angelico,Bloomfield,49,Female
198,Teodoro,Kyte,41,Male
199,Gearalt,Lamplugh,38,Female
200,Janenna,Fust,40,Female
201,Ninon,Gettings,48,Male
202,Randa,Bartley,52,Female
203,Joshua,Laurenceau,33,Male
204,Rawley,Mellenby,36,Male
205,Jacky,Audrey,34,Male
206,Natty,Barnewall,34,Bigender
207,Kenyon,Palay,48,Female
208,Peyter,Eburah,30,Male
209,Vaughn,Gabotti,22,Male
210,Tamas,Slator,59,Male
211,Keenan,Greedier,34,Female
212,Mavis,Begin,44,Male
213,Mason,Kumaar,34,Bigender
214,Vinita,Mathon,30,Male
215,Madalyn,Crame,29,Male
216,Barnett,Sallows,57,Bigender
217,Guglielma,Dicte,31,Bigender
218,Conney,Yukhnov,27,Female
219,Georgianna,Seers,60,Male
220,Lorne,Spirit,20,Male
221,Jessamyn,Sanbrooke,30,Male
222,Merill,Scurrer,28,Female
223,Ignazio,Kingsley,36,Female
224,Kimmie,Sparshutt,31,Male
225,Michaela,Eddins,19,Male
226,Angeli,Penwarden,58,Male
227,Carin,Cutchie,34,Female
228,Gayle,Coneybeare,38,Male
229,Beverlie,Caselick,21,Male
230,Sharon,Panons,44,Bigender
231,Drucie,Berney,37,Male
232,Claude,Garahan,59,Female
233,Baily,Kingsbury,22,Male
234,Hedda,Charles,23,Male
235,Tatiana,Siebert,54,Male
236,Roxy,MacCallum,52,Male
237,Audrie,Ivanitsa,44,Male
238,Valaree,Braidwood,28,Male
239,Clywd,Spellsworth,20,Female
240,Damita,Benedito,27,Male
241,Rey,Muirhead,33,Female
242,Rachel,Kliement,50,Male
243,Claudian,Dymott,48,Female
244,Vivien,Caird,51,Male
245,Archaimbaud,Sissons,48,Male
246,Margarethe,Tommaseo,35,Female
247,Terri-jo,Boscott,24,Male
248,Tarrah,Labram,47,Bigender
249,Aland,Tennick,55,Bigender
250,Marlin,Buddles,48,Male
251,Franklin,Austins,52,Male
252,Rosie,Duprey,43,Bigender
253,Claus,Barday,46,Female
254,Cass,Jowett,51,Male
255,Afton,Stripling,23,Female
256,Colin,Tisor,39,Female
257,Saunder,Caizley,50,Female
258,Del,Gulliver,19,Female
259,Christy,McCome,39,Male
260,Joyann,Seale,27,Female
261,Jamie,Simonnet,39,Male
262,Carolee,Burgum,32,Bigender
263,Meaghan,Lillecrop,58,Male
264,Mona,Henrichsen,33,Male
265,Donnajean,Hazelgrove,22,Bigender
266,Myranda,Itzhaiek,22,Male
267,Rabi,Weighell,60,Female
268,Gaston,Georghiou,48,Male
269,Rosa,Crichten,19,Female
270,Allina,Tesoe,38,Male
271,Leora,Butterwick,23,Female
272,Cyndy,Glennie,44,Female
273,Nata,Abrashkov,49,Female
274,Waylin,Leguey,45,Female
275,Nadya,Rocks,57,Male
276,Frederich,Cutbirth,39,Male
277,Peg,Brickwood,56,Female
278,Skylar,Merryfield,48,Female
279,Rhonda,Hailes,50,Bigender
280,Kirby,Kuschel,54,Female
281,Reider,Shannahan,55,Male
282,Caitlin,Brilon,36,Female
283,Quill,Glancey,32,Female
284,Minette,Conaghan,29,Bigender
285,Marcel,Haquin,47,Male
286,Lucien,Wreiford,27,Female
287,Ange,Dargan,45,Bigender
288,Cilka,Domerq,52,Female
289,Ripley,Wilber,57,Male
290,Giffer,Sharpus,43,Female
291,Andee,Vyse,18,Male
292,Chelsea,Candey,37,Bigender
293,Jamill,Kavanagh,59,Male
294,Augy,Tudball,43,Male
295,Selina,Erwin,33,Female
296,Nessie,Strevens,42,Male
297,Cordi,Rash,31,Bigender
298,Chantal,Ferrario,29,Female
299,Alisun,Novotna,28,Male
300,Jojo,Glasspoole,35,Female
301,Dmitri,Laddle,53,Male
302,Park,Hanes,59,Male
303,Lia,Scown,44,Male
304,Wandis,Parkeson,27,Male
305,Nana,Costell,39,Male
306,Marlin,Rydings,49,Female
307,Theo,Poyner,57,Female
308,Burke,Ashcroft,31,Male
309,Misty,Rolfe,56,Male
310,Wally,Stuart,52,Female
311,Kylen,Phoebe,43,Female
312,Dixie,Hamstead,39,Male
313,Annelise,Rubke,34,Female
314,Koren,Hellwig,48,Female
315,Kalil,Gyorgy,46,Male
316,Pierce,Norcock,60,Male
317,Budd,Barnwille,58,Male
318,Elsa,Orrett,24,Male
319,Armin,Scamal,59,Female
320,Clywd,Figgess,21,Male
321,Kaitlyn,O'Hartigan,21,Male
322,Beryl,Gregon,38,Male
323,Amby,Poinsett,40,Female
324,Roobbie,Todhunter,43,Bigender
325,Mile,Franck,27,Male
326,Riki,Wessing,20,Male
327,Frederik,Hesbrook,24,Male
328,Jodi,Harwell,37,Female
329,Fionnula,Camsey,26,Male
330,Marya,Baldoni,55,Male
331,Wilek,Malser,31,Female
332,Taffy,Orr,26,Male
333,Kamillah,O'Shea,31,Bigender
334,Malissia,Dulany,34,Bigender
335,Tobit,Goade,49,Male
336,Flss,Cornell,53,Male
337,Aloysia,Larenson,59,Male
338,Maddie,Sabatier,27,Male
339,Felic,Seeks,49,Male
340,Chance,Joscelyn,27,Female
341,Wilhelmina,D'Avaux,26,Male
342,Giorgi,Celier,46,Female
343,Ronnie,Davers,46,Male
344,Dee,Heyburn,60,Male
345,Bellina,Tarquinio,46,Bigender
346,Anna-diana,Bazoche,35,Female
347,Wallis,Plowman,52,Male
348,Zebulon,Beels,33,Male
349,Warner,Eckert,24,Bigender
350,Dennis,Natalie,20,Female
351,Rhoda,Pethybridge,23,Male
352,Briney,Huton,43,Male
353,Melvin,Boshere,23,Male
354,Shelbi,Haldon,36,Male
355,Tabbatha,Enriquez,33,Male
356,Caprice,Diem,41,Male
357,Eliza,Likely,43,Female
358,Winne,Haps,47,Male
359,Kirstyn,Peidro,20,Female
360,Livia,Hurles,56,Female
361,Rutherford,Mouser,51,Female
362,Markos,Salzberg,41,Male
363,Arlina,Currey,50,Female
364,Ariel,Fluit,28,Male
365,Claudelle,Pook,44,Male
366,Livy,Lees,27,Bigender
367,Frank,Possell,57,Bigender
368,Collete,Raysdale,39,Male
369,Constance,Lube,43,Female
370,Annie,Care,43,Bigender
371,Gerri,Claiden,45,Female
372,Sunny,Pitkeathly,49,Female
373,Rosemaria,Orriss,58,Male
374,Aili,Blaza,44,Male
375,Afton,Trillow,58,Male
376,Pepito,Coultas,23,Male
377,Barnabe,Frensche,18,Male
378,Ralf,Lammers,20,Male
379,Marion,Gregoire,32,Male
380,Norina,Heers,52,Male
381,Cathlene,Ollerearnshaw,19,Bigender
382,Zorina,Cheshire,34,Male
383,Glori,Muscroft,43,Male
384,Artemis,Jukes,27,Male
385,Ariel,Fried,42,Female
386,Brocky,Headech,27,Male
387,Amalee,Satterthwaite,25,Male
388,Doyle,Collin,27,Male
389,Neils,Danko,27,Male
390,Wit,Messent,25,Male
391,Jonis,MacNamee,33,Male
392,Bobine,Kedie,43,Male
393,Dulcine,Kryszka,34,Female
394,Pierson,Metherell,21,Female
395,Pandora,Scamaden,21,Female
396,Cesya,Woodcroft,20,Female
397,Nikolaus,Uridge,48,Female
398,Mandy,Gerwood,24,Male
399,Carleen,Glasbey,42,Female
400,Danny,Leser,58,Female
401,George,Aymer,28,Female
402,Carny,Gore,31,Bigender
403,Floris,McCurrie,21,Male
404,Joseito,Francesconi,26,Female
405,Mikel,Tohill,45,Female
406,Brianne,Agett,24,Female
407,Anne,De Bruyne,24,Female
408,Lianna,Rosgen,45,Male
409,Willyt,Rospars,43,Female
410,Delphinia,Blaver,49,Male
411,Chas,Buglar,33,Female
412,Noland,Thumann,43,Male
413,Neilla,Ollerton,19,Female
414,Brock,Brannigan,34,Male
415,Juanita,Ruggiero,32,Male
416,Bellanca,Pawling,48,Female
417,Franchot,Onele,19,Male
418,Morgana,Barck,58,Female
419,Susy,Tink,60,Bigender
420,Aldrich,Charnock,43,Bigender
421,Tome,Simakov,60,Female
422,Cortney,Persich,21,Male
423,Eadmund,Foxton,38,Female
424,Clyve,Silberschatz,30,Male
425,Jack,Clear,49,Female
426,Nikos,Peters,31,Female
427,Charmian,Arnao,24,Female
428,Elana,Shuttleworth,41,Female
429,Rosanna,Simons,30,Female
430,Wallis,Boyne,24,Male
431,Suzie,Humby,42,Female
432,Marylou,Coverlyn,47,Male
433,Giorgi,Paolo,39,Male
434,Hermia,Penrose,33,Male
435,Ignaz,Hincks,23,Male
436,Gladi,Mangeot,45,Male
437,Beitris,Amies,30,Male
438,Isaiah,Ebbings,36,Female
439,Lavinia,Southey,58,Male
440,Creighton,Syer,43,Male
441,Nancey,Dewett,41,Female
442,Sascha,Littleover,42,Female
443,Bethanne,Newark,35,Female
444,Emelita,Kumar,54,Male
445,Melessa,Hovell,18,Male
446,Napoleon,Giuroni,48,Male
447,Devin,Peron,35,Male
448,Cary,Lethbury,58,Female
449,Ryann,D'Costa,38,Male
450,Winna,Battrick,56,Male
451,Alard,Gaddie,27,Male
452,Orrin,Lancaster,28,Male
453,Alfie,Cruce,43,Female
454,Erv,Wellum,34,Female
455,Imogene,Craister,57,Male
456,Kellina,Munns,47,Female
457,Giff,Stirman,52,Male
458,Marthena,Pinnijar,30,Female
459,Tulley,Bengoechea,60,Male
460,Roldan,Hrinchishin,42,Male
461,Vina,Extance,53,Male
462,Bartholemy,McPartlin,25,Female
463,Scarlet,Padden,48,Male
464,Clarke,Dansie,34,Bigender
465,Bud,Preston,24,Male
466,Hillier,Top,49,Female
467,Gilli,De Anesy,45,Female
468,Saul,Buffery,43,Male
469,Andree,Gossipin,24,Male
470,Donnie,Kless,56,Male
471,Shell,Swanger,50,Female
472,Kerrie,Marconi,40,Female
473,Violette,Cockton,28,Male
474,Tedda,Witham,40,Male
475,Alli,Marien,31,Female
476,Camellia,Buller,38,Bigender
477,Iver,Treweela,37,Male
478,Ferdinand,Artindale,33,Bigender
479,Adelice,Littrick,19,Bigender
480,Brandice,Lay,18,Male
481,Mellicent,Livens,58,Male
482,Mollie,Constantinou,20,Female
483,Morey,O'Hagan,37,Female
484,Tallia,Ivankovic,51,Male
485,Bernice,Guierre,30,Female
486,Sibyl,Tincombe,18,Male
487,Marcelia,Glozman,26,Male
488,Royce,St. Queintain,53,Bigender
489,Dulcia,Sibray,25,Female
490,Maurizia,Gourlie,25,Male
491,Candide,Rief,38,Male
492,Corella,Base,20,Male
493,Merrili,Booton,53,Male
494,Adel,Furnell,44,Male
495,Julia,Tremouille,20,Female
496,Hamlin,Ivie,54,Male
497,Ogden,Blowne,55,Female
498,Marcellus,Muspratt,23,Female
499,Trina,Deschelle,56,Male
500,Nomi,Cruddace,24,Male